,h,Average,h,Average,h,Average,h,Average,h,Average,h,Average,h,Average,h,Average,h,Average,h,Average,h,Average,h,Average,h,Average,h,Average,h,Average,h,Average,
,0,SD,1,SD,2,SD,3,SD,4,SD,5,SD,6,SD,7,SD,8,SD,9,SD,10,SD,11,SD,12,SD,13,SD,14,SD,20,SD,
EPI300,0.071,0.070666667,0.129,0.110666667,0.248,0.210333333,0.408,0.377666667,0.511,0.489333333,0.672,0.631333333,0.759,0.724666667,0.838,0.809666667,0.907,0.883666667,0.963,0.943666667,1.022,1.006666667,1.09,1.062333333,1.087,1.091666667,1.154,1.144333333,1.195,1.176,1.385,1.359,
,0.065,0.005507571,0.091,0.019035055,0.156,0.04821134,0.326,0.044970361,0.454,0.030859898,0.589,0.041525093,0.69,0.034501208,0.779,0.029569128,0.847,0.032145503,0.917,0.023860707,0.97,0.031895663,1.031,0.029670412,1.08,0.014571662,1.12,0.021221059,1.152,0.021931712,1.318,0.035930488,
,0.076,,0.112,,0.227,`,0.399,`,0.503,`,0.633,`,0.725,`,0.812,`,0.897,`,0.951,`,1.028,`,1.066,`,1.108,`,1.159,`,1.181,`,1.374,`,
EPI300_ara,0.041,0.045333333,0.088,0.090333333,0.193,0.196,0.335,0.341,0.432,0.453666667,0.563,0.580666667,0.648,0.657666667,0.729,0.733,0.802,0.81,0.872,0.864666667,0.925,0.924666667,0.969,0.970333333,1.002,1.004666667,1.041,1.039,1.077,1.065666667,1.176,1.166,
,0.065,0.017897858,0.09,0.002516611,0.2,0.003605551,0.352,0.009539392,0.473,0.020599353,0.595,0.016258331,0.667,0.009504385,0.735,0.003464102,0.823,0.011357817,0.867,0.008736895,0.923,0.001527525,0.979,0.008082904,1.02,0.014189198,1.043,0.005291503,1.074,0.017097758,1.162,0.008717798,
,0.03,,0.093,,0.195,,0.336,,0.456,,0.584,,0.658,,0.735,,0.805,,0.855,,0.926,,0.963,,0.992,,1.033,,1.046,,1.16,,
EPI300_pCC1,0.074,0.058,0.146,0.129333333,0.245,0.228,0.37,0.357333333,0.521,0.488666667,0.617,0.591666667,0.729,0.675,0.838,0.784333333,0.891,0.849666667,0.975,0.924,1.023,0.971,1.056,1.016333333,1.118,1.056,1.149,1.098333333,1.175,1.124333333,1.386,1.332333333,
,0.058,0.016,0.142,0.02548202,0.244,0.028583212,0.378,0.029143324,0.505,0.042899106,0.615,0.042158431,0.669,0.051264022,0.794,0.059095967,0.855,0.04424176,0.931,0.054836119,0.976,0.054671748,1.029,0.047289886,1.053,0.060555759,1.109,0.056756791,1.127,0.052051257,1.328,0.05163655,
,0.042,,0.1,,0.195,,0.324,,0.44,,0.543,,0.627,,0.721,,0.803,,0.866,,0.914,,0.964,,0.997,,1.037,,1.071,,1.283,,
EPI300_pCC1_ara,0.035,0.041333333,0.092,0.112,0.192,0.207333333,0.326,0.344,0.416,0.439333333,0.536,0.552333333,0.628,0.651333333,0.712,0.726666667,0.789,0.814333333,0.851,0.877,0.918,0.927,0.972,0.991666667,1.007,1.022333333,1.043,1.064,1.079,1.085333333,1.216,1.234,
,0.048,0.006506407,0.131,0.019519221,0.215,0.013279056,0.344,0.018,0.463,0.023501773,0.563,0.014364308,0.674,0.023007245,0.743,0.015567059,0.849,0.031069814,0.891,0.022538855,0.952,0.021931712,1.029,0.032347076,1.048,0.022368132,1.088,0.022649503,1.106,0.018339393,1.257,0.020952327,
,0.041,,0.113,,0.215,,0.362,,0.439,,0.558,,0.652,,0.725,,0.805,,0.889,,0.911,,0.974,,1.012,,1.061,,1.071,,1.229,,
EPI300_pCC1_ATF1,0.049,0.040333333,0.129,0.105,0.207,0.19,0.354,0.321,0.453,0.428,0.579,0.561,0.678,0.651666667,0.772,0.740333333,0.833,0.822,0.916,0.896666667,0.958,0.947,1.012,0.995666667,1.045,1.037,1.085,1.082333333,1.123,1.117,1.331,1.332333333,
,0.041,0.0090185,0.104,0.023515952,0.19,0.017,0.31,0.029103264,0.42,0.022113344,0.548,0.016093477,0.634,0.023245071,0.723,0.027465129,0.816,0.009539392,0.89,0.017009801,0.952,0.014177447,1,0.018876794,1.043,0.012165525,1.088,0.007371115,1.121,0.008717798,1.341,0.008082904,
,0.031,,0.082,,0.173,,0.299,,0.411,,0.556,,0.643,,0.726,,0.817,,0.884,,0.931,,0.975,,1.023,,1.074,,1.107,,1.325,,
EPI300_pCC1_ATF1_ara,0.057,0.051666667,0.138,0.135333333,0.245,0.223666667,0.34,0.333666667,0.48,0.454,0.569,0.563666667,0.7,0.66,0.724,0.711333333,0.793,0.783333333,0.873,0.856333333,0.923,0.918333333,1.023,0.977666667,1.03,1.01,1.063,1.04,1.096,1.081333333,1.223,1.217333333,
,0.041,0.009237604,0.132,0.00305505,0.218,0.019139836,0.35,0.020256686,0.478,0.043312816,0.586,0.025423087,0.676,0.049959984,0.743,0.039551654,0.821,0.043316663,0.884,0.038785736,0.968,0.052156815,0.994,0.055338353,1.047,0.050089919,1.093,0.067505555,1.143,0.070159342,1.255,0.040796242,
,0.057,,0.136,,0.208,,0.311,,0.404,,0.536,,0.604,,0.667,,0.736,,0.812,,0.864,,0.916,,0.953,,0.964,,1.005,,1.174,,
EPI300_pCC1_ATF1_iAAl,0.034,0.038333333,0.095,0.096666667,0.195,0.199,0.306,0.323666667,0.405,0.427333333,0.524,0.549333333,0.594,0.618666667,0.706,0.692333333,0.772,0.755666667,0.832,0.816333333,0.884,0.865,0.929,0.913666667,0.982,0.959,1.031,0.998333333,1.063,1.035666667,1.32,1.296666667,
,0.043,0.00450925,0.094,0.003785939,0.198,0.004582576,0.331,0.015373137,0.436,0.019502137,0.562,0.02193931,0.63,0.021385353,0.668,0.021126603,0.721,0.030038864,0.783,0.028884829,0.83,0.030347982,0.876,0.032807519,0.911,0.041581246,0.937,0.053153865,0.99,0.039803685,1.261,0.031374087,
,0.038,,0.101,,0.204,,0.334,,0.441,,0.562,,0.632,,0.703,,0.774,,0.834,,0.881,,0.936,,0.984,,1.027,,1.054,,1.309,,
EPI300_pCC1_ATF1_iAAl_ara,0.043,0.052666667,0.095,0.111333333,0.187,0.229333333,0.302,0.337333333,0.393,0.431666667,0.503,0.531666667,0.576,0.608333333,0.645,0.664666667,0.716,0.735666667,0.786,0.794,0.847,0.862666667,0.89,0.905333333,0.934,0.930666667,0.984,0.971666667,1.011,1.002666667,1.177,1.201333333,
,0.056,0.008504901,0.125,0.015176737,0.282,0.048335632,0.37,0.034078341,0.475,0.041198705,0.556,0.026764404,0.643,0.03356089,0.686,0.02055075,0.765,0.025890796,0.799,0.007,0.876,0.014640128,0.919,0.014571662,0.945,0.016258331,0.98,0.018009257,1.012,0.01530795,1.224,0.023544285,
,0.059,,0.114,,0.219,,0.34,,0.427,,0.536,,0.606,,0.663,,0.726,,0.797,,0.865,,0.907,,0.913,,0.951,,0.985,,1.203,,
