Control,Treatment,Time_h,Control_mean_OD600,Control_SD,Treatment_mean_OD600,Treatment_SD,Difference_OD600,Difference_percent,Raw_p_value,Holm_adjusted_p,Significant_raw_p<0.05,Significant_Holm_p<0.05
EPI300,EPI300_ara,0,0.071,0.006,0.045,0.018,-0.025,-35.8,0.1237,0.7423,no,no
EPI300,EPI300_ara,1,0.111,0.019,0.09,0.003,-0.02,-18.4,0.2038,0.7887,no,no
EPI300,EPI300_ara,2,0.21,0.048,0.196,0.004,-0.014,-6.8,0.6582,0.7887,no,no
EPI300,EPI300_ara,3,0.378,0.045,0.341,0.01,-0.037,-9.7,0.2917,0.7887,no,no
EPI300,EPI300_ara,4,0.489,0.031,0.454,0.021,-0.036,-7.3,0.1816,0.7887,no,no
EPI300,EPI300_ara,5,0.631,0.042,0.581,0.016,-0.051,-8,0.1577,0.7887,no,no
EPI300,EPI300_ara,6,0.725,0.035,0.658,0.01,-0.067,-9.2,0.0691,0.4834,no,no
EPI300,EPI300_ara,7,0.81,0.03,0.733,0.003,-0.077,-9.5,0.0445,0.4449,yes,no
EPI300,EPI300_ara,8,0.884,0.032,0.81,0.011,-0.074,-8.3,0.0455,0.4449,yes,no
EPI300,EPI300_ara,9,0.944,0.024,0.865,0.009,-0.079,-8.4,0.0192,0.2307,yes,no
EPI300,EPI300_ara,10,1.007,0.032,0.925,0.002,-0.082,-8.1,0.0466,0.4449,yes,no
EPI300,EPI300_ara,11,1.062,0.03,0.97,0.008,-0.092,-8.7,0.0262,0.2881,yes,no
EPI300,EPI300_ara,12,1.092,0.015,1.005,0.014,-0.087,-8,0.0018,0.0266,yes,yes
EPI300,EPI300_ara,13,1.144,0.021,1.039,0.005,-0.105,-9.2,0.0098,0.1276,yes,no
EPI300,EPI300_ara,14,1.176,0.022,1.066,0.017,-0.11,-9.4,0.0029,0.0405,yes,yes
EPI300_pCC1,EPI300_pCC1_ara,0,0.058,0.016,0.041,0.007,-0.017,-28.7,0.2054,1,no,no
EPI300_pCC1,EPI300_pCC1_ara,1,0.129,0.025,0.112,0.02,-0.017,-13.4,0.4059,1,no,no
EPI300_pCC1,EPI300_pCC1_ara,2,0.228,0.029,0.207,0.013,-0.021,-9.1,0.3432,1,no,no
EPI300_pCC1,EPI300_pCC1_ara,3,0.357,0.029,0.344,0.018,-0.013,-3.7,0.544,1,no,no
EPI300_pCC1,EPI300_pCC1_ara,4,0.489,0.043,0.439,0.024,-0.049,-10.1,0.176,1,no,no
EPI300_pCC1,EPI300_pCC1_ara,5,0.592,0.042,0.552,0.014,-0.039,-6.6,0.2427,1,no,no
EPI300_pCC1,EPI300_pCC1_ara,6,0.675,0.051,0.651,0.023,-0.024,-3.5,0.5224,1,no,no
EPI300_pCC1,EPI300_pCC1_ara,7,0.784,0.059,0.727,0.016,-0.058,-7.4,0.2286,1,no,no
EPI300_pCC1,EPI300_pCC1_ara,8,0.85,0.044,0.814,0.031,-0.035,-4.2,0.3276,1,no,no
EPI300_pCC1,EPI300_pCC1_ara,9,0.924,0.055,0.877,0.023,-0.047,-5.1,0.2741,1,no,no
EPI300_pCC1,EPI300_pCC1_ara,10,0.971,0.055,0.927,0.022,-0.044,-4.5,0.2977,1,no,no
EPI300_pCC1,EPI300_pCC1_ara,11,1.016,0.047,0.992,0.032,-0.025,-2.4,0.5024,1,no,no
EPI300_pCC1,EPI300_pCC1_ara,12,1.056,0.061,1.022,0.022,-0.034,-3.2,0.4438,1,no,no
EPI300_pCC1,EPI300_pCC1_ara,13,1.098,0.057,1.064,0.023,-0.034,-3.1,0.4115,1,no,no
EPI300_pCC1,EPI300_pCC1_ara,14,1.124,0.052,1.085,0.018,-0.039,-3.5,0.3241,1,no,no
EPI300_pCC1_ATF1,EPI300_pCC1_ATF1_ara,0,0.04,0.009,0.052,0.009,0.011,28.1,0.2031,1,no,no
EPI300_pCC1_ATF1,EPI300_pCC1_ATF1_ara,1,0.105,0.024,0.135,0.003,0.03,28.9,0.1529,1,no,no
EPI300_pCC1_ATF1,EPI300_pCC1_ATF1_ara,2,0.19,0.017,0.224,0.019,0.034,17.7,0.0859,1,no,no
EPI300_pCC1_ATF1,EPI300_pCC1_ATF1_ara,3,0.321,0.029,0.334,0.02,0.013,3.9,0.5734,1,no,no
EPI300_pCC1_ATF1,EPI300_pCC1_ATF1_ara,4,0.428,0.022,0.454,0.043,0.026,6.1,0.4232,1,no,no
EPI300_pCC1_ATF1,EPI300_pCC1_ATF1_ara,5,0.561,0.016,0.564,0.025,0.003,0.5,0.8867,1,no,no
EPI300_pCC1_ATF1,EPI300_pCC1_ATF1_ara,6,0.652,0.023,0.66,0.05,0.008,1.3,0.8113,1,no,no
EPI300_pCC1_ATF1,EPI300_pCC1_ATF1_ara,7,0.74,0.027,0.711,0.04,-0.029,-3.9,0.3624,1,no,no
EPI300_pCC1_ATF1,EPI300_pCC1_ATF1_ara,8,0.822,0.01,0.783,0.043,-0.039,-4.7,0.2595,1,no,no
EPI300_pCC1_ATF1,EPI300_pCC1_ATF1_ara,9,0.897,0.017,0.856,0.039,-0.04,-4.5,0.2061,1,no,no
EPI300_pCC1_ATF1,EPI300_pCC1_ATF1_ara,10,0.947,0.014,0.918,0.052,-0.029,-3,0.4444,1,no,no
EPI300_pCC1_ATF1,EPI300_pCC1_ATF1_ara,11,0.996,0.019,0.978,0.055,-0.018,-1.8,0.6382,1,no,no
EPI300_pCC1_ATF1,EPI300_pCC1_ATF1_ara,12,1.037,0.012,1.01,0.05,-0.027,-2.6,0.4512,1,no,no
EPI300_pCC1_ATF1,EPI300_pCC1_ATF1_ara,13,1.082,0.007,1.04,0.068,-0.042,-3.9,0.3909,1,no,no
EPI300_pCC1_ATF1,EPI300_pCC1_ATF1_ara,14,1.117,0.009,1.081,0.07,-0.036,-3.2,0.472,1,no,no
EPI300_pCC1_ATF1_iAAl,EPI300_pCC1_ATF1_iAAl_ara,0,0.038,0.005,0.053,0.009,0.014,37.4,0.0807,1,no,no
EPI300_pCC1_ATF1_iAAl,EPI300_pCC1_ATF1_iAAl_ara,1,0.097,0.004,0.111,0.015,0.015,15.2,0.2321,1,no,no
EPI300_pCC1_ATF1_iAAl,EPI300_pCC1_ATF1_iAAl_ara,2,0.199,0.005,0.229,0.048,0.03,15.2,0.3906,1,no,no
EPI300_pCC1_ATF1_iAAl,EPI300_pCC1_ATF1_iAAl_ara,3,0.324,0.015,0.337,0.034,0.014,4.2,0.5748,1,no,no
EPI300_pCC1_ATF1_iAAl,EPI300_pCC1_ATF1_iAAl_ara,4,0.427,0.02,0.432,0.041,0.004,1,0.8802,1,no,no
EPI300_pCC1_ATF1_iAAl,EPI300_pCC1_ATF1_iAAl_ara,5,0.549,0.022,0.532,0.027,-0.018,-3.2,0.4283,1,no,no
EPI300_pCC1_ATF1_iAAl,EPI300_pCC1_ATF1_iAAl_ara,6,0.619,0.021,0.608,0.034,-0.01,-1.7,0.6801,1,no,no
EPI300_pCC1_ATF1_iAAl,EPI300_pCC1_ATF1_iAAl_ara,7,0.692,0.021,0.665,0.021,-0.028,-4,0.1794,1,no,no
EPI300_pCC1_ATF1_iAAl,EPI300_pCC1_ATF1_iAAl_ara,8,0.756,0.03,0.736,0.026,-0.02,-2.6,0.4327,1,no,no
EPI300_pCC1_ATF1_iAAl,EPI300_pCC1_ATF1_iAAl_ara,9,0.816,0.029,0.794,0.007,-0.022,-2.7,0.3111,1,no,no
EPI300_pCC1_ATF1_iAAl,EPI300_pCC1_ATF1_iAAl_ara,10,0.865,0.03,0.863,0.015,-0.002,-0.3,0.9124,1,no,no
EPI300_pCC1_ATF1_iAAl,EPI300_pCC1_ATF1_iAAl_ara,11,0.914,0.033,0.905,0.015,-0.008,-0.9,0.7167,1,no,no
EPI300_pCC1_ATF1_iAAl,EPI300_pCC1_ATF1_iAAl_ara,12,0.959,0.042,0.931,0.016,-0.028,-3,0.363,1,no,no
EPI300_pCC1_ATF1_iAAl,EPI300_pCC1_ATF1_iAAl_ara,13,0.998,0.053,0.972,0.018,-0.027,-2.7,0.4828,1,no,no
EPI300_pCC1_ATF1_iAAl,EPI300_pCC1_ATF1_iAAl_ara,14,1.036,0.04,1.003,0.015,-0.033,-3.2,0.286,1,no,no
