,,h,h,h,h,h,h,h,h,h,h,h,h,h,h,h,h,,,,,
Tubes,,0,1,2,3,4,5,6,7,8,9,10,11,12,13,14,20,,,,,
,EPI300,0.071,0.129,0.248,0.408,0.511,0.672,0.759,0.838,0.907,0.963,1.022,1.09,1.087,1.154,1.195,1.385,,,,,
,,0.065,0.091,0.156,0.326,0.454,0.589,0.69,0.779,0.847,0.917,0.97,1.031,1.08,1.12,1.152,1.318,,,,,
,,0.076,0.112,0.227,0.399,0.503,0.633,0.725,0.812,0.897,0.951,1.028,1.066,1.108,1.159,1.181,1.374,,,,,
,EPI300_ara,0.041,0.088,0.193,0.335,0.432,0.563,0.648,0.729,0.802,0.872,0.925,0.969,1.002,1.041,1.077,1.176,,,,,
,,0.065,0.09,0.2,0.352,0.473,0.595,0.667,0.735,0.823,0.867,0.923,0.979,1.02,1.043,1.074,1.162,,,,,
,,0.03,0.093,0.195,0.336,0.456,0.584,0.658,0.735,0.805,0.855,0.926,0.963,0.992,1.033,1.046,1.16,,,,,
,EPI300_pCC1,0.074,0.146,0.245,0.37,0.521,0.617,0.729,0.838,0.891,0.975,1.023,1.056,1.118,1.149,1.175,1.386,,,,,
,,0.058,0.142,0.244,0.378,0.505,0.615,0.669,0.794,0.855,0.931,0.976,1.029,1.053,1.109,1.127,1.328,,,,,
,,0.042,0.1,0.195,0.324,0.44,0.543,0.627,0.721,0.803,0.866,0.914,0.964,0.997,1.037,1.071,1.283,,,,,
,EPI300_pCC1_ara,0.035,0.092,0.192,0.326,0.416,0.536,0.628,0.712,0.789,0.851,0.918,0.972,1.007,1.043,1.079,1.216,,,,,
,,0.048,0.131,0.215,0.344,0.463,0.563,0.674,0.743,0.849,0.891,0.952,1.029,1.048,1.088,1.106,1.257,,,,,
,,0.041,0.113,0.215,0.362,0.439,0.558,0.652,0.725,0.805,0.889,0.911,0.974,1.012,1.061,1.071,1.229,,,,,
,EPI300_pCC1_ATF1,0.049,0.129,0.207,0.354,0.453,0.579,0.678,0.772,0.833,0.916,0.958,1.012,1.045,1.085,1.123,1.331,,,,,
,,0.041,0.104,0.19,0.31,0.42,0.548,0.634,0.723,0.816,0.89,0.952,1,1.043,1.088,1.121,1.341,,,,,
,,0.031,0.082,0.173,0.299,0.411,0.556,0.643,0.726,0.817,0.884,0.931,0.975,1.023,1.074,1.107,1.325,,,,,
,EPI300_pCC1_ATF1_ara,0.057,0.138,0.245,0.34,0.48,0.569,0.7,0.724,0.793,0.873,0.923,1.023,1.03,1.063,1.096,1.223,,,,,
,,0.041,0.132,0.218,0.35,0.478,0.586,0.676,0.743,0.821,0.884,0.968,0.994,1.047,1.093,1.143,1.255,,,,,
,,0.057,0.136,0.208,0.311,0.404,0.536,0.604,0.667,0.736,0.812,0.864,0.916,0.953,0.964,1.005,1.174,,,,,
,EPI300_pCC1_ATF1_iAAl,0.034,0.095,0.195,0.306,0.405,0.524,0.594,0.706,0.772,0.832,0.884,0.929,0.982,1.031,1.063,1.32,,,,,
,,0.043,0.094,0.198,0.331,0.436,0.562,0.63,0.668,0.721,0.783,0.83,0.876,0.911,0.937,0.99,1.261,,,,,
,,0.038,0.101,0.204,0.334,0.441,0.562,0.632,0.703,0.774,0.834,0.881,0.936,0.984,1.027,1.054,1.309,,,,,
,EPI300_pCC1_ATF1_ara_iAAl,0.043,0.095,0.187,0.302,0.393,0.503,0.576,0.645,0.716,0.786,0.847,0.89,0.934,0.984,1.011,1.177,,,,,
,,0.056,0.125,0.282,0.37,0.475,0.556,0.643,0.686,0.765,0.799,0.876,0.919,0.945,0.98,1.012,1.224,,,,,
,,0.059,0.114,0.219,0.34,0.427,0.536,0.606,0.663,0.726,0.797,0.865,0.907,0.913,0.951,0.985,1.203,,,,,
,,,,,,,,,,,,,,,,,,,,,,
,,h,h,h,h,h,h,h,h,h,h,h,h,h,h,h,h,h,h,h,h,h
96 well plate,,0,1,2,3,4,5,6,7,8,9,10,11,12,13,14,15,16,17,18,19,22
,EPI300,0.03075,0.07375,0.16675,0.24275,0.30575,0.35675,0.39575,0.42575,0.45075,0.47675,0.49975,0.52275,0.54775,0.56875,0.59975,0.62075,0.64075,0.66475,0.68475,0.70875,0.78575
,,0.02375,0.06975,0.16475,0.23575,0.30675,0.35675,0.39375,0.42075,0.44775,0.47175,0.49575,0.52175,0.54675,0.57075,0.59675,0.62175,0.64675,0.67175,0.69375,0.71475,0.79775
,,0.03775,0.07375,0.17175,0.24575,0.31075,0.36075,0.40575,0.43275,0.45775,0.48375,0.50775,0.53275,0.56075,0.58275,0.60375,0.62675,0.65075,0.67675,0.69175,0.71875,0.79175
,EPI300_ara,0.03275,0.07375,0.16875,0.22875,0.28275,0.32275,0.36075,0.38675,0.40675,0.43075,0.45375,0.46775,0.48875,0.50875,0.52075,0.53675,0.55575,0.57475,0.58775,0.60475,0.64875
,,0.02575,0.06975,0.17075,0.23375,0.28875,0.33175,0.36675,0.39575,0.42075,0.44075,0.45575,0.47375,0.48975,0.51275,0.53075,0.54775,0.56175,0.58075,0.59175,0.60275,0.66175
,,0.02675,0.07475,0.17375,0.23475,0.28975,0.32975,0.36575,0.39275,0.41875,0.43875,0.45875,0.47875,0.49375,0.50875,0.52875,0.54375,0.56175,0.57775,0.59075,0.61175,0.64675
,EPI300_pCC1,0.02575,0.07775,0.16475,0.21975,0.28975,0.33375,0.36675,0.41675,0.45075,0.46575,0.48875,0.50375,0.52475,0.54075,0.55075,0.56875,0.58975,0.61275,0.62075,0.64675,0.72775
,,0.02075,0.05575,0.14275,0.20075,0.27275,0.31575,0.36075,0.39775,0.43275,0.45575,0.47975,0.49675,0.51375,0.53775,0.55975,0.57875,0.59875,0.62575,0.64475,0.67175,0.79775
,,0.02275,0.05775,0.14475,0.21175,0.28175,0.32775,0.36275,0.40175,0.44075,0.46375,0.48075,0.50275,0.51575,0.53575,0.55475,0.57375,0.58775,0.60875,0.62775,0.65675,0.74775
,EPI300_pCC1_ara,0.02875,0.06675,0.14675,0.20075,0.25275,0.29475,0.32475,0.35275,0.39775,0.42975,0.44675,0.46375,0.48275,0.49775,0.50575,0.52175,0.53175,0.55375,0.55875,0.57975,0.64175
,,0.02275,0.05675,0.14075,0.19275,0.23875,0.27975,0.31375,0.34375,0.37875,0.41175,0.43875,0.45675,0.47475,0.49575,0.50875,0.52975,0.54475,0.56675,0.59875,0.59475,0.69175
,,0.02275,0.05775,0.14675,0.20075,0.25275,0.29475,0.32575,0.35575,0.39475,0.41675,0.43175,0.44775,0.45875,0.46875,0.48575,0.49475,0.50775,0.52275,0.53175,0.55075,0.62575
,EPI300_pCC1_ATF1,0.02875,0.05675,0.13575,0.19875,0.25775,0.30275,0.33875,0.36475,0.38775,0.40975,0.42975,0.45075,0.46475,0.48475,0.50675,0.52875,0.54975,0.56975,0.59875,0.61575,0.72275
,,0.02075,0.05175,0.12975,0.18675,0.24575,0.29575,0.32975,0.35875,0.38475,0.39775,0.42575,0.44475,0.46575,0.48775,0.50975,0.53175,0.55075,0.57075,0.59475,0.61875,0.72175
,,0.02375,0.05675,0.13675,0.19775,0.25975,0.31075,0.34975,0.37475,0.40275,0.42675,0.44175,0.46575,0.48975,0.50475,0.52675,0.55275,0.57675,0.59175,0.62375,0.64375,0.73475
,EPI300_pCC1_ATF1_ara,0.02675,0.05475,0.13175,0.18075,0.22875,0.27475,0.29575,0.32275,0.33575,0.36175,0.37275,0.39275,0.40475,0.42175,0.43875,0.45075,0.46875,0.48175,0.50575,0.51375,0.58775
,,0.02275,0.05275,0.12975,0.18575,0.23275,0.27175,0.30175,0.32775,0.35075,0.37175,0.39075,0.41075,0.43675,0.43975,0.53175,0.47675,0.50075,0.51775,0.53575,0.55175,0.63675
,,0.02175,0.05575,0.13075,0.18375,0.24075,0.28475,0.31775,0.33975,0.35875,0.38175,0.39675,0.41475,0.42975,0.44575,0.46175,0.47275,0.48575,0.50175,0.52175,0.53775,0.58275
,EPI300_pCC1_ATF1_iAAl,0.02875,0.06175,0.13775,0.20375,0.26875,0.31875,0.35375,0.37275,0.39775,0.42075,0.43675,0.45675,0.47975,0.49775,0.52175,0.54075,0.56275,0.57775,0.60275,0.62275,0.71675
,,0.02275,0.05375,0.12975,0.18875,0.25675,0.30975,0.34375,0.36775,0.38075,0.40575,0.41875,0.44875,0.46875,0.48975,0.51275,0.53075,0.55675,0.57675,0.59675,0.61575,0.72575
,,0.02575,0.05975,0.13475,0.19575,0.26475,0.31675,0.34775,0.38275,0.41375,0.43375,0.46675,0.49675,0.51475,0.53975,0.56375,0.58075,0.60275,0.62575,0.65175,0.67175,0.73775
,EPI300_pCC1_ATF1_ara_iAAl,0.02475,0.06075,0.13575,0.18675,0.23575,0.27675,0.30375,0.32475,0.34875,0.36875,0.38475,0.39775,0.41675,0.43775,0.46075,0.46875,0.48475,0.50175,0.51875,0.53975,0.60875
,,0.02175,0.05675,0.13475,0.18475,0.23575,0.27975,0.31575,0.33975,0.35775,0.37675,0.39575,0.41475,0.43175,0.44275,0.46175,0.47675,0.48775,0.50675,0.51975,0.53275,0.61175
,,0.02575,0.06175,0.13775,0.18875,0.23875,0.28575,0.31475,0.34175,0.36275,0.38475,0.39375,0.41675,0.43075,0.44775,0.46475,0.47875,0.49275,0.50675,0.52375,0.53175,0.60275
